{"scope.version":"2","timeline.animationMode":"quickMode","viewport.width":320,"viewport.height":100,"library.openDirectories":[],"library.GroupsPath":{},"library.downloadedAssets":{},"design.zoom":1,"tool.text.optionsState":{"fontName":"Times New Roman","fontSize":"16px","fontWeight":"normal","fontStyle":"normal","alignLeft":true,"alignCenter":false,"alignRight":false,"alignJustify":false,"verticalAlignCenter":false,"foreColor":"rgb(0, 0, 0)","tagName":"span","orderedList":false,"unorderedList":false},"ruler.guides.show":false,"eventsPanel.layout":"{\"targetColumnWidth\":115,\"typeColumnWidth\":116,\"actionColumnWidth\":159,\"eventScope\":0}"}